x1,x2,x3,y
-0.2442619516408615,-0.9567477691989212,-0.38308065538392677,2.3839486799852287
0.3064274943519276,1.0,0.4782119559943141,6.60796753425434
0.05974256191176219,-1.0,0.8916482308728255,-4.530756406593028
-0.4845957874478013,-0.4656686448763394,-0.142923501164548,1.2999395154908544
1.0,1.0,-0.048024790051422794,14.905874558488906
-0.520431835384459,0.15943903739527632,-0.04654213880257774,-0.783123637143228
-0.5097517231645845,-0.2644242014798279,0.737157847339881,0.7274151310296979
-0.048447055181473964,0.20639853140757713,1.0,1.0239386072386123
0.024010303173358283,0.6769640230503371,-1.0,-3.8805626080233027
-0.5540091912495875,-1.0,-0.21966664318873508,3.8463209375707286
0.5228572016605388,-0.9206891827020294,-0.2676392489275452,0.3653554776178794
-0.39185449495940516,0.5982896564254483,0.7377896776749726,0.2980431448886403
-0.47780628418119164,-0.6859339880642841,0.36480548070721275,1.6073594206003845
-1.0,-0.7110030668560587,-0.6617590271365696,1.4755984794981694
-0.1326238321333253,-0.04168547051481997,0.10700913024062597,0.7185088424009978
-0.4069328830993757,-0.36470006188100856,-1.0,-2.7732122166078197
1.0,-0.543031698098428,-0.7938018059429228,5.4053255498381585
1.0,-0.4283769640175854,-1.0,2.962773077237285
-0.007875220317989928,0.9338004153388189,1.0,11.441661462074592
0.9422246708324287,0.2340420716645677,0.18698390967321576,5.076330221370968
-0.4582138967245546,-0.7302766364249891,-0.33155183243044606,2.1602333626004415
0.13808184853696148,0.523371977149121,0.6649415894387198,0.8589461306089278
0.6378921695564523,0.34253874605541323,-0.021964102328389412,1.3861123789962573
-0.41290053239615787,1.0,-0.779063370959481,3.972631618512979
0.15249152431907365,1.0,0.3147437391967953,7.763527340570952
0.3211158327972934,-0.3392627873382552,-0.4734895520049227,1.3605156808598182
0.7025876464369993,0.27757903993406097,-1.0,-0.4666784360285231
-1.0,-1.0,1.0,22.271844661315047
1.0,-1.0,0.8102780166461221,-5.403314488448448
-0.3205552569469412,-0.21200704929217618,0.6416818123399934,-0.02248290694985168
0.7988695240044446,0.5304354626818164,0.006449919065715237,3.2034444871629595
1.0,-0.6543624007937041,-0.8974747812591946,2.95214848688869
-1.0,0.7463662182781925,1.0,9.903920066186993
1.0,-1.0,0.14311211187794615,-7.942070307539325
-0.05727655731420933,0.48124700791473174,1.0,3.1190935234310007
1.0,1.0,-0.7256099538781668,26.611659406535797
0.13024762497693754,-1.0,0.8043759293157187,-1.7162105447294465
0.24909342103954835,-0.679234126130652,0.1529256520975999,2.1530903739395297
1.0,-0.7907097440984685,-0.15774313503475668,1.0764005297544599
-0.6979862176482752,0.7283065811912071,0.3934407489805922,-1.2514574782278114
-0.08211906568111216,-1.0,1.0,-6.46153647729019
0.21495292986528125,-0.6373582693131197,-1.0,-8.252354963103386
-0.2553646065383939,0.2451916680442383,-0.5533776370272794,-0.10197712851938717
-0.29303787089172695,0.7812045446291807,1.0,8.773466647044549
-1.0,-0.6062271979037606,1.0,10.584632849265502
-1.0,-1.0,0.2855199130206232,9.96482201011353
0.0035472758646124536,-0.320719581548617,1.0,-1.1349602842979571
-0.32232782567520113,0.9419224769922585,0.6743884442506687,5.872703471405114
-0.33995725816492595,-1.0,0.35504848000268807,3.226230024841204
1.0,-0.30681671862030124,-0.18744428374390432,3.5770171611829777
-1.0,-0.5471418048455443,0.7640503702259547,3.645254422091389
1.0,0.23670604692423303,-0.2646626018743079,5.1139032655413255
-1.0,1.0,0.7287429467811,1.2916088399747097
-0.07080890360453451,-1.0,-1.0,-16.630317854394683
0.0749924722929145,0.04564374932487136,-0.6807955710322406,-0.46178743259550326
0.11862422260217431,-0.36643445660959606,-0.7305401336884634,0.12392781559521551
0.46152584663767593,1.0,0.7210327726348722,8.07751893340506
0.42222274572487795,-0.6830350992155947,-0.6727471272287566,0.40353096134177796
0.8281649784386214,-0.4939498261971671,-0.8055875934290937,1.248508044655726
0.4064865128809454,0.632371074977002,0.5581371432482896,1.9385811974989857
-1.0,0.2872185486539067,0.3712747181138891,-5.110313107401212
0.9987076753935193,-1.0,-0.9689209378300268,-27.118335496731813
0.2995220535909895,-1.0,-1.0,-19.91984541721367
-0.05278223522476955,0.26612646698587583,-0.4572601848191462,-0.03230388029182346
0.21688066939886697,0.7085067195252945,0.9835162107268081,4.971479122995295
-1.0,0.7049263582568279,0.6381322337435924,-3.3778294735589114
-0.38266184762603705,-0.3605598607408711,-1.0,-2.3273857167580414
0.7458810698101928,0.5268568150987574,-0.37914115817708116,2.1341837585456247
-0.31714990444671587,0.2967490548031819,-0.39298723817628867,-0.29848268833958586
1.0,0.4286880765320029,-0.8552398926585747,8.963375152793082
0.04409250770821416,-1.0,0.48075732196805854,1.085497306910064
-0.8837681184443151,0.39123171791205813,-1.0,8.687269956179174
0.5375163898324726,0.9544757842783824,-0.2286553937310023,7.024095462196311
-0.25529053120467515,-0.2795093997601046,-0.5304235741883436,0.15883782908112798
0.774004076576176,0.5208583575498913,-0.8222956932084768,1.1606830965177222
-0.6928451918363439,0.44822897027063724,0.34113700367288113,-2.411861726519369
-0.9685180677880205,1.0,-0.9890894672125248,16.77546189396263
0.009077038173749274,-0.29523904600075923,-0.16936560420623215,1.2492092166358182
-0.384727967702287,1.0,1.0,16.229110774138643
-0.3627982575702451,0.05057081697406107,-0.1043198297029082,0.24519551237098935
-1.0,-0.5529091141104003,1.0,9.299305547821486
-1.0,-0.38016788756686215,0.11343901174396209,-1.7561445970495633
0.6377339743176393,0.5215518916256785,-0.3021253400150603,1.7786468850317654
-0.38465796596629387,-0.18534729882690204,0.10396873739759771,0.30600287920543756
1.0,-0.8053805740554707,0.008411972936140488,1.1786111298865412
-0.1684100367628918,0.32577056225388024,-0.4094900380220394,-0.4171079177274726
-0.649212465279311,-0.9861004593683715,0.873230420477374,3.057048425272164
0.46515940675124035,-1.0,-0.6466008088208532,-4.970920886022888
-0.33136563910341343,0.09174970574166852,-0.16871144146722927,0.026280256139421698
0.7239287014952815,-0.3052110170443463,-1.0,-2.6005516948859313
-0.40229453985648855,0.2434683346147768,0.7942576211190382,-0.2929288236485319
-0.17848128485434867,0.2974621175537615,-0.18051422162836261,-0.34645149788793067
1.0,-0.29667976048528444,-0.8858334028114407,6.155917452266993
-0.9255901301912541,1.0,-0.09065908130364297,6.323764834043755
-0.7426897020769478,-0.27344345630936506,-0.9881096605865729,2.326495229337556
-1.0,-0.16195855616299504,-0.48827752937005364,-2.2181797864923283
1.0,0.787031111857583,-0.2761285960373703,8.31853100125782
-0.914083393704973,-1.0,0.7023508298274892,11.535165486780018
0.48883512166336285,1.0,-0.39671276849291415,10.178667960863983
1.0,-0.0890136303651996,-0.5626857118574171,4.951153550355842
-0.7309154684056856,-0.039692198623500374,0.5217136228236958,-1.3138112991736166
-1.0,-1.0,-0.28925624403898986,6.20250441197334
1.0,0.4280102409616966,0.07600006044942109,6.701016031854192
-0.10103980696373482,0.3075856119200018,0.3749481406755506,-0.08147979024875035
-0.1651045365185415,-0.9679040219434425,1.0,-4.488641557581587
0.16533308244921496,0.43614711976217424,1.0,3.1028117533577104
-0.1290873075679908,0.4437978762936665,0.8530810417293766,0.30838727486694895
-1.0,-1.0,0.058585307884129856,7.847679998016921
-1.0,-0.7297029355436699,-0.2979820337565584,2.1193174231947487
0.5814372676451522,-0.2041603428009089,0.6829201482616718,0.9301028799515911
-0.657489602531995,1.0,-1.0,0.7588874225907485
-0.10609638831284562,0.27637156449332867,-0.2109613128640504,-0.13245363170287602
-0.9562717956011588,0.22238336729609487,-0.06271232650279535,-3.5263025863371973
-0.19872945014496368,-0.6798027294459805,-1.0,-6.2734904465820485
-0.10220259037147383,0.24155211552722022,0.7635460710122182,0.20707554603601214
-0.5510806810427056,-0.632536018855475,-0.16450584442352767,1.9656736457398127
-1.0,-0.26328866756643676,-0.9728044242799525,7.45667237297413
0.8973829638403195,0.43052743359846923,-0.42596905408923247,2.5857311439772
0.6999356322590966,-0.8036979504410362,-1.0,-12.604932700402053
-1.0,1.0,-0.8988502314829707,16.397350778699387
0.7091768013060131,-1.0,0.8357178877638909,-3.10542603722082
-0.1169748544705933,0.6497765739840002,1.0,6.346377937374525
-1.0,-0.6058090448102782,0.3332373720717443,0.6485795751519048
-1.0,-0.7488230561176146,-0.8584204358558134,3.3662625936516495
-1.0,0.5852292476347938,-0.9756348795157328,16.773429056339978
-1.0,0.34915205580762243,-0.13818046305126996,-3.317042039066826
0.3371638017346794,0.3440206655839997,0.20285246563100534,0.8364090112588496
0.4037111151624584,1.0,0.9593268272249873,9.102989688922067
-1.0,0.9206803009328259,0.3453500027389209,0.48793396465194183
0.16243750081072128,1.0,1.0,11.628907059705847
0.3991194845695327,0.3907771990227076,-0.1102714883916216,1.2706712738796258
0.35436201064832296,1.0,1.0,10.680082945139844
0.1344926219815039,0.12426663404852145,0.6256152987678292,0.7027556218538086
-0.3583002997483675,0.5887152915929321,-0.11383335420716056,-0.5111449892161073
0.34092660088413784,1.0,0.6314371406516066,7.849168922989402
0.25105158898547786,-1.0,0.26960933042574786,0.8044944288655054
0.19727512431667926,-0.4924630197756361,-0.4615225752303016,1.5189625466803254
0.15269975610904374,-1.0,-0.00814327666237702,2.358765321704572
0.18405246459783342,1.0,-0.4495759496016054,10.757064307123244
0.2776794760192285,-1.0,-1.0,-19.16934424921119
0.4826260684089305,-0.6009469994983672,0.8009720522789077,-1.230988554344468
-0.02964204935009529,-0.04918234777326003,0.21364870801543612,0.2086149204631274
-1.0,-1.0,0.3404676892612608,10.569949160092975
-0.8736068683374081,-0.9985929947773209,1.0,10.444997873446601
-1.0,-0.6568876908491748,1.0,11.91197628502969
-0.5712487839075717,0.36256040345142004,0.9703288048104948,2.3806147002862525
0.7041753092862051,0.17992586546279155,0.4206518004623563,2.0383014635261754
-0.6538347227059762,-1.0,0.05854433403665538,4.754401258588876
0.353504618896622,-1.0,-0.28458717400835054,-0.28542468575347935
0.011026697779138894,-0.042201409001763945,1.0,0.2201840657714193
1.0,-0.09805063660826119,-0.6340835441132422,5.103745638621906
-0.5434291218568201,1.0,-0.5541427253802451,5.295820700414162
-0.4509285012268345,-0.057460412691974216,0.5187159368404464,-0.6053519776729614
-1.0,-0.030143930595106783,0.052584017990539245,-4.085433662814633
0.7281016901244495,-0.3880837919240816,-0.5917142494732066,1.5889095509590083
0.9310445083693115,0.17138226222835495,-0.36873829499217936,3.516675126294555
1.0,-1.0,-0.3907413312830348,-10.549418673993921
0.43365463595514364,1.0,0.9964445061103098,9.906666170509245
-0.7657951824303526,-1.0,1.0,5.295720157594423
-0.19790164028252555,-0.3295365800595329,0.42210913033199526,0.5727066715285372
-0.27539406576906833,-0.34122025384193777,-0.4942091335837193,0.8993733172527827
0.1993111762462647,0.3808726075204871,-0.8519338218927377,-0.9357149149740196
0.0642761618212464,-0.0962373645685406,0.33009592418903577,0.6251597634404915
-0.3633742322417708,-1.0,-0.8902289857523038,-7.539925613065565
-0.13996640104705116,-1.0,-0.6052981778381732,-2.101137120674376
1.0,1.0,-0.7225735320729145,26.46142789428091
-1.0,0.530639022324709,-0.4550633994996185,0.6180362071438158
0.023749356696408208,-0.4712840058214356,0.7880552309099014,-0.693902839913692
-0.19552513155209317,-1.0,1.0,-5.710580205301631
0.17091224812230776,0.9254401823997029,-0.2696673023731435,5.3431763714521425
0.8456743407245668,1.0,-0.1565669574384443,10.904201531799501
-0.04180800802432416,-1.0,-1.0,-16.833372830766724
-0.3659606880262647,0.685991894466111,0.3694175432091322,0.5817383385794028
0.660722764102631,1.0,0.7933144516422495,9.058484179067861
-1.0,0.12141684297416044,0.6714485187435788,-3.361666538086733
-1.0,-0.32338569821495344,0.9532990496844584,4.26190513852389
-1.0,0.4304394233997135,0.30357291930301944,-4.568515991010748
0.0599159797190032,-1.0,-0.3087985060001315,1.629492023806417
0.8234973459836212,1.0,0.9062496080990223,14.05665105634387
0.09061177527432696,0.8208162497602645,-0.5785343053884942,2.562436832237455
0.3408293041299928,-0.9530916650006847,-0.17515011955906767,1.7653997042622138
1.0,-0.0026800161062565664,-0.6392665605801495,5.803778879634894
0.6231693032496901,0.22713131255997276,-0.3544247508033054,1.2582915491723112
-0.07064195199248147,0.5850804715629108,-0.6366236655738542,0.534908143537088
0.1891814440342532,0.8284463321173101,0.06491746790572606,2.437220900217262
-1.0,-0.419149348661793,-0.8984635496307738,3.6501914818631667
1.0,-0.3894756344296366,-0.5121135868744107,4.510724483398807
0.1104207576897982,-0.09293581365169068,0.6469620663673323,0.3739404087589668
-0.8756019610852948,-1.0,-0.731444745313711,2.5061118123247046
-0.9260229067344015,0.23583585298941645,0.23019860968864703,-3.641330355048336
1.0,-0.8983915192892922,-0.8087858788351343,-6.095757399703805
0.5433262068349531,-1.0,0.9003374896422611,-4.0916891852042285
1.0,-0.18151354259131347,0.7221386417987208,6.652837124660554
0.16394717615756615,-1.0,-0.70216373129972,-4.997448142944516
-0.6649571234740679,1.0,0.9407779943285552,12.679544152188582
0.4901130918484051,-0.46691303861419464,-1.0,-5.734396301662591
0.29457242117503535,1.0,-1.0,5.4747911610199145
1.0,-0.79868435264055,0.6548477365818088,1.1915159736626304
-0.3608109242612574,0.6067414980322923,0.2332241151301384,0.03639965259423894
0.5572526753721883,-0.2694567839098021,-0.6540284560792122,1.8285629467741122
-0.5651456124407594,0.21243557834968163,0.322759028450768,-1.2114095914027758
1.0,0.5033499020533454,0.43437941983775574,9.013005480936602
0.007956530722303734,-0.40615098158730145,0.3947644819812317,0.6575272952290275
-0.26631170139918203,-0.7064711549790066,1.0,-1.086236772190908
-0.5541212961439037,0.21963443299698504,-0.6199054762606651,-0.5442084792564212
-1.0,0.2636088642944736,0.553061466858892,-3.9080110141377014
-0.306377695343371,0.5868645261993992,-0.9425641073835422,-2.519103367818004
0.31122473189600264,-0.601318401826259,0.03586757516722883,2.3199002805467
0.09154298794965854,0.34201065770194705,-1.0,-2.2640397455809147
0.8607554380602569,1.0,-0.580039580710696,15.785635459156607
1.0,0.47077820233635626,0.145670154577078,7.661910090875341
-1.0,1.0,-0.26694881852403607,10.637890473565644
1.0,-0.021274363351764913,1.0,11.697346172918635
-0.7763147637146766,-1.0,0.950570969650528,5.757432908454992
-0.6250810427605458,0.7206723221216664,-0.5181911737556122,-1.3951559294515614
-1.0,1.0,1.0,17.282641998666076
1.0,-1.0,-1.0,-30.148440742356534
-1.0,-0.7867096615114872,0.2600787382217846,4.45359210583349
0.4784082271875456,0.47455799373565344,-1.0,-1.7157722284555335
0.003924955833917831,1.0,0.056678561413434636,7.558775640059797
1.0,0.07626253514889969,0.2076513381265641,5.7500159381284766
-0.014105453175611737,0.3133112559257658,1.0,1.6654173283973914
-0.7835546656829948,1.0,-0.4098470275335653,5.550335131576867
1.0,0.23550862171498865,1.0,16.519425683928745
0.6485596731689147,0.013871922812486837,-0.024828032932785238,1.1046765467883746
0.3220889618939313,0.490822646251615,-0.9909913974090498,-3.746227567764505
-0.6237628861202538,0.8194654839865481,-0.5339175167995414,0.019979426001169087
-0.996250239922615,0.25957464518662077,0.16892228110196927,-4.155367292812965
0.31058746109200874,-0.8716108638464379,0.3337364464775525,0.2645667404364672
0.8557852633079246,-0.3154364666391871,0.16207295393443877,2.078680278299318
0.5448280461632986,-0.46817370159721095,0.6356169835818322,0.8435626012841457
0.09925084579674337,-0.7174580669723385,-1.0,-8.858651979129183
0.3193227701216472,-0.17472557986149573,1.0,-1.5869459410355797
0.004945317047732267,0.8018963228108114,0.08801905285548273,2.2745530647758816
-0.6122460659013491,1.0,0.05404481263481187,4.075180603670523
-1.0,-0.6126503705420228,0.47761941820060283,1.5157160666752696
-0.3762882706813482,-0.4694277711653265,-0.9007844200155186,-0.944236702669692
-0.7487878793511236,-0.4952372626374446,-0.9605074062548828,1.5862039605710405
1.0,-1.0,-0.3952836516770539,-9.93202059311393
-0.867720569687725,0.5597267467196041,1.0,5.589355307511674
1.0,-0.26233025354632766,0.7110221372034724,5.581376736125243
0.43384246702312423,-0.4148222783825102,0.748933956966396,-0.08774657935784676
-0.8635194578888887,0.44867521400356836,-0.6029064929078436,-0.7169758474496262
1.0,-1.0,1.0,-9.547217203407602
-0.6248154551767195,-0.09681702560418803,0.6065781911293937,-0.8122517749996185
-1.0,-0.231884496693473,-0.14369145784799042,-3.827139264141956
1.0,0.09503437433352713,0.29571164321746757,6.004267806833834
-0.9040077811220739,-0.45302365544625767,-0.19293689493097932,0.07380373339767711
-0.5815372839988477,-0.016126254400875784,-0.05765498991091267,-0.17369827839935298
0.6525037869911403,0.1758246063974691,-0.6516569290423582,0.6575816010232596
1.0,-0.41427908312214745,-1.0,3.458831789719511
0.7436321279698914,-1.0,1.0,-6.957484023614196
0.20576532224728084,-1.0,0.6703763227406467,-1.1202374924618925
0.2859826081718022,0.31927319739705906,1.0,1.225654704111201
-0.14343814575973024,0.6469551114608181,0.7217954358748668,1.929444340324348
-1.0,1.0,-0.18201732580988206,9.574558912639981
0.9255923337982397,-0.2603387591373205,-0.9015376668959998,3.7758652335624365
-0.7685889286581373,-0.5620949291311579,0.663378207268017,2.335750747313893
0.6301848808170631,1.0,0.7073733664174302,8.239201347277099
0.36412990129783607,-0.1996286825033715,1.0,-1.1673065387207058
-0.019262594688058687,-0.8324222171451834,-0.00905816668070103,2.570628966810795
-0.7933832592660981,-0.8039427339380671,-0.026345856343063412,3.3661574829158187
-0.788806912892903,0.017376193920376926,1.0,1.913148767330565
0.13863878658078077,1.0,-0.5012449938655485,9.24328934454805
-0.8718976060060728,0.416633974496162,0.6809402632936115,-2.4471964691132357
-0.10642264083674746,-1.0,-0.3084308351779912,2.5457377403865022
-1.0,1.0,0.5598615590373488,0.9887807708802933
0.7266846303429757,0.7715712277795446,-0.3713250076094865,2.9272705845812066
-1.0,0.10296431242441462,-1.0,11.538487512321357
-0.15027927539766162,-0.22797673741515911,-0.48130876993773586,0.2798347636980473
0.1895243406747571,1.0,0.6912245081451154,8.711337237677784
-0.3856050295458271,-0.1507633487077671,0.5008397675699556,0.5017369829084731
-1.0,-0.13340572079721524,0.04853341925535215,-4.273972655662825
1.0,-0.19204572791481778,-0.5375346303717763,5.5360683152190076
0.4376077054193275,-0.42301990156464075,0.5721047619731201,1.0712089459191736
-0.6955434348000349,-0.7475261588214139,0.981621500906843,3.3515088660631496
0.19837103317063098,-0.1327373839381103,0.12243153666840745,1.3285147104820414
1.0,1.0,-1.0,39.0623466367645
0.8788502672055662,1.0,-0.12045851305298005,11.354058469340302
-0.7998693214755499,-0.7957248505415009,-0.6938990006070591,2.4641370092012695
-0.6690628697062693,0.7156155382803315,1.0,7.231096428693028
0.6714369469476456,0.21088750648361443,-0.35315953482440454,1.6343395438382893
-0.5252043113887312,0.09105126185357171,-0.22817340123732288,-0.5274120598064881
1.0,-0.9184064015106956,-0.4631864357941724,-3.0510849861786546
-0.39153509204063064,1.0,-0.27947103045099486,7.505752019300845
-0.34918875409865224,-0.9448556528024832,0.7641218710829307,-0.13301060468701392
0.6193392045027102,-0.08101899925733425,1.0,-0.21372622520926005
-1.0,0.7893475473366602,0.45634744886074574,-2.0732937375920537
-0.6231402036998783,-1.0,1.0,-0.1297937095634009
-0.7012906429578343,0.19431095930114384,-0.1532788470588109,-1.611736945694432
-0.11629078666431858,1.0,-0.7875160986784897,7.876133888634768
-0.003462305820424616,0.08294788753045967,1.0,0.4417705350254444
-0.8768481375749104,-1.0,-0.19794844179280813,6.640749630973582
1.0,-0.6172100757017986,-0.7797315234566937,4.325416773799998
0.22522341326443152,-0.7118420711505555,0.5877523111475416,0.03732021976218086
0.027133375367769608,-0.07453793928128749,-0.9413522770841456,-1.3297417305453478
1.0,-1.0,-1.0,-29.74710568382565
0.8304433209801845,0.5649795505382966,0.6648709107978805,6.241727394351018
0.13505798740502328,0.19820967469782858,-0.21772820180959918,0.5974355472275542
1.0,-0.02253998601818763,0.2810658191686095,5.987936329440126
0.33679189421694455,-1.0,-0.8442490879501761,-11.597539002460072
0.38831305521671156,0.22591902049795198,-0.5279946461887248,1.2816325244581344
-0.18413722356251694,0.12373106959344193,-0.057190938679151815,-0.08775479260632729
0.3210821778623256,-1.0,0.13614025252747508,1.0395899432899265
-0.5922226967064648,-0.619532863942776,0.03566798354576739,1.2253218574212568
-0.030991121020333967,-0.8263357043819577,-0.08986663181359256,2.9420397354582413
1.0,-0.6173955920499512,0.9653926439223572,3.1462415518268645
-1.0,0.29423256149343513,-0.2160174938928623,-2.8324851414593115
-0.2874264283433703,0.7502557909795515,-0.06980588550472344,0.02861085216346404
0.35737223067708146,-0.2895552793287861,0.9315449717276669,-1.077661485615728
0.8880013033422625,-0.5805448250972771,-1.0,-4.412329336956929
0.7817585578189936,-0.26939468376508446,-1.0,-2.104832309197646
-0.4729228599296207,-0.4689716124424044,-0.763002406252637,-0.4444247420462001
-0.8834422304581315,0.19906372070324063,-0.6056366704991525,-0.47797679411738114
1.0,-0.9099734845994312,1.0,-4.945689786035722
0.0561611561095281,0.09508050080056618,0.4367325775021669,-0.3443043284661968
-0.2054639924892434,0.18865515874980554,1.0,1.9626061495229914
0.9775062821326064,1.0,-0.6662350510796831,24.153139759604443
0.7567885657599764,-0.341514159082388,-1.0,-3.45290689587899
0.3249567615752489,-1.0,-0.669843877736203,-4.553746625762432
-1.0,0.443743899828553,0.5186501389195579,-4.490566409297086
0.5400691199810232,-0.9432122545014179,-1.0,-17.858391352333868
-1.0,-0.21348624982803832,0.32064090727322814,-3.3535162003743526
-0.7153356216041573,0.6560067903107061,1.0,7.370408412508723
-0.9643180354242955,0.25604516638223673,0.5872727382140732,-3.852688580324812
-1.0,-1.0,0.5288108720446534,13.46513924639123
-0.6572962392424717,-0.06113271794103259,-0.3538314246491219,-0.24506079967131
0.2037733721144055,1.0,-1.0,5.338138709058891
0.4410002404915008,1.0,1.0,10.080384845319482
-1.0,-0.8809071757472102,-0.4492537558292218,4.0312827335413
0.32130497510616784,0.3648549862098005,0.5523874761576291,1.3176708345411265
-0.40263219844260023,-0.32741589277086103,0.985757975743714,0.41446422217620393
1.0,0.37395602288032337,-0.0737055653329548,4.818131651073979
-0.16138264349836096,-0.5067671264579643,-0.5122142590956307,1.38579483590808
0.6875395613717892,-1.0,0.7651412714967576,-2.5367904828363703
-0.8250610576807722,1.0,1.0,16.800403120414657
1.0,-0.5507471062390243,1.0,3.353455114890852
0.12529484558950355,0.6193292576280545,0.5164414394348225,1.2932299262992026
-1.0,0.6168565072297074,1.0,6.678834461161318
0.45941488115045304,0.6927304620477492,-1.0,-2.877058985615541
-0.15954258071410865,-0.6072384629995138,-0.4257341468692064,1.2430581187242482
0.9713612054382774,0.33835107514411367,-0.0063028958297626225,5.721980313236979
0.3233664651563357,-0.016752494496947934,0.2084817417011542,0.7974511298389309
-1.0,-0.6555349951444522,0.1924829145857201,0.8711015029309025
-1.0,0.7762688522833627,0.5797852698417578,-3.089028837993145
1.0,-0.7857757483548673,0.3764026576520323,1.1781391640061398
0.8582040459796219,0.40261168796762714,0.3237345763206032,3.809356695970947
-0.7115162973278693,0.4613492595926323,1.0,3.8290473363817044
-0.3659040588651874,-0.22406069239743842,-0.36295194211475645,0.7053571221435669
-0.3062514508330254,0.4426150721995854,-0.6552612111703773,-0.8993221808510288
1.0,-1.0,0.8238093683089456,-6.4485824663506905
-0.8920187729054971,-1.0,0.9210311303033785,11.998553435733184
1.0,0.5345150030592754,-0.18361928068298305,6.252578178974387
-0.4423522541207656,-1.0,0.25657928898153237,2.4926034744802865
-1.0,0.8468198152128741,1.0,12.06323667717546
-0.6516208448974168,0.009408188904356907,1.0,1.7667026676467543
0.2027229811933342,-0.3108578649226308,0.36559042556362686,1.1018492376231908
0.03891679339896892,-1.0,0.6908675320682893,-0.3449188668887012
1.0,0.6720167407700579,-0.022328691005365053,6.685412566500116
0.23257238268042024,1.0,-0.7967668259115124,10.765272476058813
-1.0,0.830120672638458,0.18083433423456863,0.37053354012372325
0.6220568754183395,-1.0,0.5735682791279326,-0.9166641566665794
-1.0,-0.7894305759430444,-0.6538108413416732,2.801276920304371
0.8352453111368292,0.033723162864152556,1.0,5.958970114852643
-0.5805403735147074,-0.3856569645113379,0.2473822479988248,0.6582386080677098
1.0,0.3156487803985406,0.047015209028593796,5.61540231481222
-0.4345809841060053,-0.7589470865745447,0.5459631511074312,1.6114085913231881
0.8436879314521639,1.0,0.9664087473631462,15.789702652808357
-0.37125028313486075,0.07635470407533274,-1.0,-1.7501002809480195
0.00903971076989274,1.0,-0.18679736405375857,8.484109908647783
0.3577535723699208,-0.3764745194617898,-0.08443906625201802,1.6025633979097023
0.332614296036297,0.4425992830672987,0.9474785938194028,1.4026655397267165
-0.20150212140579016,-0.6770550948505478,-0.800751050863082,-1.2184425074491918
-0.6545420152083521,-1.0,-0.4459158218243926,2.8489976050738854
1.0,-0.11496951180882631,0.446725477702826,6.007034771784963
0.8292074277484855,0.5508757439933225,-1.0,2.9905033808449346
0.26112306058209844,-1.0,0.5785904552238179,-0.20153755030669465
-0.28146028889113994,1.0,-0.651971825663836,7.378651935546295
1.0,-0.9150176321659187,-1.0,-17.002563999712603
-0.33544967603033515,0.8690807729646794,1.0,11.148639485366491
-1.0,0.3920820079330032,-0.061053798390589664,-3.10763527299007
-0.9689199012690144,0.028867167156929385,-0.5486256511642547,-0.5587402001675346
-0.1608523500357213,1.0,-1.0,3.0558082457230213
1.0,0.2947230897158539,1.0,17.77835204434926
1.0,0.0854887472338659,0.3067736752170147,6.868411623117606
-0.9004155357651558,-0.3996504960716809,-1.0,4.703998861254256
-0.012223293762582799,0.3327552594697434,0.9986307944054351,1.9606550993069123
-0.18342685395531122,-0.49702506497054344,0.8018518170492535,-0.09901312998678309
-1.0,1.0,-0.7547592206320646,14.597265164163405
0.9848645599372918,0.07618380502297262,0.7301243253216552,8.609599025024904
-0.33790972510434125,0.46116158283188624,-0.7688775648706061,0.08149723418500643
0.18570500938924583,-0.5658460503406062,1.0,-3.1461920360394267
-0.47956592041291124,-0.6381096505445458,1.0,0.6555840407697856
1.0,-1.0,-1.0,-29.581132315926457
-1.0,-1.0,-0.57253609625982,4.05795196582919
1.0,-0.4666609049283139,0.4945424921196422,4.90092357361244
0.192861850275591,-0.21722372256716915,0.09341813023071133,0.4159434965225782
0.6727702638739435,-0.6910400693673857,0.5333311044545623,0.8924349173902861
-0.6748101748562356,-0.5977895076394952,-0.5986474619952662,1.227691381921258
0.7243947707147573,0.43804499818239573,-0.43755397020677367,1.3875299484253314
0.9664627044855629,0.2417910061247659,-0.3460844537163159,3.514154076488218
-0.9038543603931557,-0.6473638272484847,0.2807761064257801,2.00545605571811
0.06729806407868555,0.22543533382780034,-0.5839830651654827,0.6125602075969262
-0.8995679614527639,-1.0,-0.060656404717023715,6.676122589380933
0.256649371024674,0.4284769175766412,0.29124389691440444,0.7962285620660883
-1.0,0.05681606070150491,1.0,3.9028465920284816
1.0,-0.048213993253282794,0.2440382305578661,5.370947055869463
0.8293229374125535,-0.6784593122357598,-0.4223629092372376,0.9535303731272385
-0.3064994370493477,0.8523355281708014,-0.8439969529053972,0.18327293851291004
-0.07186493094965907,-0.11859925969921448,0.19059658075548347,-0.1560526531654729
0.4819356025328476,0.553624154118477,0.48645953225632144,1.762234883644093
-0.7936128910115849,-0.565494235036839,1.0,4.521677866824447
0.08939041403854664,-0.6391156584186621,-0.24014913614333278,1.5446189739397955
-0.0990779381223641,-1.0,0.25170053347022314,2.7925057678477367
-0.10522756563722102,0.8890012043408251,-1.0,-2.4924571668309925
1.0,-0.886830851251899,0.6451021308553275,-0.7548534777293098
-0.1538613828223283,0.022210059692759687,-0.2311918237014765,0.28867885982590136
0.31791444444338857,1.0,-1.0,5.714088113761947
0.6741246892217538,-0.5629272706561228,-1.0,-7.821982228448114
-0.7078065178545356,-0.08128168545306957,0.2133976462717635,-1.6691886133065612
1.0,-0.733467347398232,1.0,0.48719072766855026
0.05662582465801447,0.32061373922235914,1.0,1.588246509256573
0.08023285896573196,0.3472963398027762,0.8850841132321823,0.7257013019965598
0.8728814954426922,-1.0,-0.9481034345804127,-23.192771015854827
-1.0,0.9388475560749436,0.40289230584864866,0.7879820834341243
0.0021277942435831143,-1.0,-0.7543776313477748,-5.605676746109465
0.5122684301664302,0.5562984310948282,-0.4650040110359195,1.1987083252477344
0.7120515235313853,0.06983085487753793,1.0,1.7807492141053292
0.34927993382591294,-0.7680859664507476,0.16893243564666416,1.322777886062024
0.29432796227286584,1.0,1.0,10.798133574684098
1.0,1.0,0.015046977489304947,13.574245868811246
0.352136292717667,1.0,1.0,9.636197016705825
-0.18002288185067283,-0.46654855376577453,-0.7787715286905343,-0.019617370005435897
-0.4391056662871675,1.0,-0.2920860057107375,6.39197944459017
0.47210431136779807,0.21021092090129856,0.5073105535823139,1.4953489160005484
-1.0,-1.0,-0.022999489734215617,7.74492997008949
-0.8598574462590018,-1.0,-0.961334332928852,-0.999270768202021
-0.5796065959229124,-1.0,-0.5677083224845618,1.4518701779399077
1.0,0.08135514157079116,-1.0,8.762753905818956
1.0,-1.0,1.0,-9.931179959966016
0.19683044608761868,0.2806000597782834,1.0,1.0257773038629194
1.0,1.0,-0.9957048027391482,39.494269441541746
1.0,0.6408382972666598,1.0,25.080936752772132
-0.6471289326452836,0.34692588788936707,0.4146607739961592,-1.3229998249762724
-0.7203177638707714,-0.15582172623241886,0.3350704212723601,-1.013571559066042
-1.0,0.1292354237744504,0.045076978318023375,-3.474098675304094
1.0,-0.2617928406498866,-0.02015571443730324,4.199836942958624
0.7046124785378618,-1.0,-1.0,-25.430538934796118
0.560750873141002,-0.19289417640097528,0.08984211653504914,1.8306915060292674
-0.8846511049528791,-1.0,0.8626709791247613,10.926808252373357
0.1640639843701499,1.0,0.2381329294916683,7.5104883163992655
-1.0,-0.6119299396001436,1.0,12.223127830938964
0.06269466134356083,-1.0,-0.4394036641983843,0.3164844241935261
-0.10868225830987699,-0.11762536626836884,-1.0,-2.9046321768072314
0.5455776918613384,0.37746281118452263,-0.10776079300529506,1.1465686034521334
-0.2999666986607139,0.9336564283528153,1.0,12.067401433118764
0.7893624191857251,-0.004344103419086753,0.0964862479398112,1.9809197683601154
0.957610266203897,0.28918573397847824,0.5859382317276951,7.409087508864054
-0.7058918832330021,0.16338835734688173,0.31375415599055345,-1.5737581575070965
1.0,1.0,-0.5082025874897544,20.576960859704446
-0.8003008343345857,0.8961724081297413,1.0,12.962904533348599
0.7739707582592203,-0.2904349430773032,0.7517965077651583,1.647372859150991
-0.8870930831515926,0.7544893636913412,-1.0,7.9534061555040125
-0.058172949364235116,1.0,0.036117826078084336,7.984393975813772
-0.32446434054237483,-0.4852659702603008,0.7604181655581994,0.31767772680426865
0.547352028216614,0.9517308142964784,0.1255125793742744,5.050166177058578
-0.4999406260382977,-0.6971963002847588,-0.682057361619153,0.7641659870022245
-0.5677385545534936,0.6450185438825615,1.0,5.861984572294058
-0.41430067759107536,0.04921790167009066,-0.39881036433377015,-0.4531046798338474
0.6830916289914657,0.3270537057283831,0.0015502315323518978,1.8974105059383368
1.0,0.7961093354390147,0.6912999497422232,14.520756623762692
0.6523188052653384,-0.5357005187103923,-1.0,-7.017529437277796
-0.5851428714424367,-1.0,0.18676692247707583,4.807707297632804
-1.0,0.5084643182740867,0.6645854978343158,-3.813903792561312
1.0,-0.2964044903948999,0.04084396879136576,3.7264302516908576
-1.0,-0.08947766202977503,1.0,4.345993586317783
-1.0,-0.7155853556817431,0.44466887065428673,4.2316595567703965
0.10375959776951738,0.573038172098278,0.2801862006375573,0.28519716456396643
1.0,-0.5761199930862775,0.4245551036344444,3.4165917769865914
-0.6631222360653886,0.47670774718153863,1.0,4.5257879836016786
-1.0,0.05658386916672198,1.0,3.579442009402636
-0.8628650053329563,-1.0,0.5315988958573352,8.562323002385243
-0.21672646328080436,0.567084160584755,-0.3368899447484268,-0.37050635247577174
-0.9977871738474529,-0.522513838801191,-0.024542656211235414,-0.6215705420455643
-0.9216796959336424,-0.1034256514436056,0.32150808622388816,-2.8961222028787885
0.6261013958819068,0.17008511022802564,0.4293375266152941,2.2577759344958515
-0.6589123304503193,1.0,-0.7674415678952635,3.1320732643998523
-0.18624795591940946,-1.0,-1.0,-16.41296927372944
0.7614230730394802,-0.6586735238250545,-1.0,-8.595523604763194
-0.9435980029944662,0.25029391940218026,1.0,4.284915082132613
-1.0,0.6082940829852435,0.821240676608427,-0.7620245422156144
0.1945748342351421,0.3280540215939145,0.013022726710889776,0.5605021959344503
-1.0,-0.43046198047281137,-0.34871371416423225,-1.8318687620402099
1.0,0.3968324032281534,0.7746022737542511,12.668646826125645
-0.6807308631062678,0.683328922833246,0.05705450026250869,-1.8130033329276412
-0.18555354034958182,-0.48217887568477225,0.502246049843972,0.035967479275935244
-0.16235661804782353,-1.0,0.6360883042204186,-0.11551401986355303
0.5166517562859263,-0.25571620571761566,0.831464791729519,-0.5184221981744754
0.8575975161125275,0.4046762489852982,-1.0,4.528880170009026
1.0,0.1992160376421015,-0.767376050559331,7.206953673058109
-0.05505946930238026,1.0,-0.6518447068125681,8.035180813403446
-0.37252702459755316,0.8100296552964346,0.011711655936174514,0.45586975904049076
-0.31117934676717196,1.0,0.9337016617026326,12.722218058563893
-1.0,-0.15688394139476225,-1.0,8.43192477005267
0.4211603174590197,-0.38920559074244654,-0.22123325349552303,0.861059075718134
0.296220229548503,-1.0,-0.7606437704217357,-7.828045003675772
0.005427167958179879,-0.3127099805518596,0.8559299993522109,-0.8813809704744986
0.9366340438094796,-0.9999959160638627,-1.0,-28.915442862811595
-1.0,0.9494796710868185,0.9373186696897404,9.741308560589811
-0.8200027407127568,-0.7351666855346108,1.0,7.105905064237922
-0.3092967355037892,1.0,-1.0,1.9880410328458573
0.6314323820483625,0.4390462227349696,1.0,5.197949705141005
-0.7532280405077221,0.1457009902904487,-1.0,4.145835483127977
0.5363770195622029,1.0,-1.0,8.349532909086639
1.0,-1.0,-0.375312234170303,-9.47301348722758
-0.9133546319375903,-0.427537942314443,-0.09323332376287441,-0.2084188907005493
-1.0,0.555972425552024,-0.2699969912059619,-1.3369097736690163
-0.47154504323470214,-1.0,1.0,-2.8667951537832375
-0.1402400416037648,-0.3970122257015529,-1.0,-4.702291206331491
-0.687240695298065,-0.449560203804086,0.9412803941125674,1.9065766076780157
0.7688679734241144,0.9709688584648275,-0.21531900935019732,8.564712473257826
-0.03982382366921877,0.8282748672395785,0.007679230785922586,2.3760839172474233
-0.44991735249728393,0.9741762374534035,-0.2782665613352744,5.050129661323829
0.9125214193586701,-0.1323858264892932,0.4352330619028322,3.364782935679113
0.7129031873384877,0.979855679008423,0.513112762583706,7.3111780262723185
0.5620369020828728,0.14203861772873605,-0.39866478907900116,1.5836911222121017
0.23584037754411202,0.8848075542568259,-0.027658391733003995,2.9446173393238047
-0.9254932120862798,-1.0,-0.38732697235117564,6.079281738176842
1.0,-0.7402536868856548,-0.050898062112049836,0.7676145625137585
-1.0,0.29171066424388425,-1.0,15.044281746400523
0.3114297293503141,0.3319967662600085,1.0,1.5911496117988113
0.05508714658811842,0.3128008786594165,0.04833886484829142,0.14475751701155581
-1.0,-0.4692882837545771,-0.9669309035645497,4.477261048503563
-0.07068631980522211,1.0,-0.9955803985888609,3.7808424383539676
-1.0,-1.0,1.0,22.438549857365082
-1.0,0.6782730365305325,0.2947579389298651,-2.042259702871716
0.9398269731614777,1.0,1.0,22.054074612552082
0.4630991946295797,0.8485073216335011,-0.04062048806686769,3.071919573693202
0.8746274344052607,-0.8137444393360289,-0.8383223064302785,-3.3138171332878543
-0.31626427706359483,0.32278135531161967,-0.0038151771304726356,-0.9411128648085448
-0.3507952228651652,0.15778117710575157,-1.0,-1.7812590457890352
1.0,0.45689045625787394,-0.46724850812524,4.921391790831348
0.834588574994584,0.6066591692821817,0.6193324939862523,5.878881471484633
0.6838341493157956,-0.39649966338714027,0.1380776686547902,0.9330696266845037
0.6187080181265003,0.2216583872771445,0.18886450880481997,1.9888630068235678
1.0,0.9882032525055855,1.0,26.574394162188224
-0.2719961210379178,0.10868054626396062,-0.2646113056327324,-1.0144473515169738
0.47315774584429837,-1.0,1.0,-7.030428177563178
-0.17248729469783952,-1.0,0.8261306645972459,-2.0410361134233117
0.8854824070870717,0.31731895060573434,0.6197356768161499,6.299569220551458
0.3339193537255385,-1.0,0.11172221023188378,1.2214253551394307
-1.0,-0.716630665214244,-0.5726894453071949,1.2205432667581175
0.16373140265645159,1.0,1.0,10.328678750337055
-0.790854581024268,-0.2514007732240535,1.0,3.3359939305170787
-1.0,-0.12272932477729537,0.39109854042813996,-3.4752871559982785
1.0,1.0,0.2401348752446386,13.330243276640706
0.48911492325625794,-0.0486379777417314,1.0,-1.3207294690110616
-0.9522490149129232,0.16846928279069884,-0.020456389760101557,-3.963699087186784
0.49501880295263323,0.09710988240215968,-0.5154527320502145,0.9673818313870303
-0.08659863656332689,1.0,0.2882630807017239,7.211181544690186
-0.4786189783079018,-0.2658894434339145,0.4084567180154357,0.3471574284432818
0.8283763750547892,-0.7886528144050895,-0.36162291622572607,-0.21470696518949975
-0.20898836907247031,0.3872657171576328,0.5122449235571669,-0.08394799081447768
0.7179561080100865,0.3526834358642381,-0.5101957631890801,1.428716976438128
0.06119878388858346,0.5419093523263694,-0.6101478311223341,-0.9024388270880415
0.5427122566728577,-1.0,1.0,-6.7445683569474975
-0.2125575264979256,0.8680807137002207,0.16497508436319275,1.7847206395451263
0.37176625984815237,1.0,-0.23154324387223846,9.381455688957788
0.007493903668160273,-0.6946992452685217,0.3533478409167523,-0.42453006846423924
-0.601557490842245,1.0,-1.0,0.8997543935428445
-1.0,0.3320937771977397,-1.0,15.239893039783022
-0.32906943889908113,-0.039000004399663446,0.4752148567820653,-0.488767030530177
1.0,-0.35273462727819593,1.0,5.872415499333092
0.4787903068001442,0.4177894898444876,0.1555625595324579,1.2557972237074917
-0.13452555465461313,-0.29833243566641166,-0.7058829387780337,1.189487796194367
0.03732638659131693,-0.3042484433506085,-0.5293984832426915,1.1695820325891486
-0.18139567985758842,1.0,-0.20146721369056397,7.9675117186376125
1.0,0.5172313688062593,-0.25987408223003583,5.561276660477789
-1.0,0.15351383615237468,-0.47310443017981063,-1.005772824756135
-0.13945838056195425,1.0,-0.41114895304762644,8.717919074456953
-0.3354075812226607,-0.6464619164183611,-0.9217431102849474,-3.626147794789108
0.3850388645762488,0.010382859853292459,0.029143423980061867,1.0378711298866072
-0.5639253821453973,-0.005418824848568038,0.41744259311916143,-0.3470937797317916
-0.7830703334313764,-0.7013004634774771,-1.0,0.7145356383433432
-1.0,-0.08024423487837407,-0.7627345855063645,1.756596730822829
-0.12514590381251556,-1.0,-1.0,-16.741522920128293
-0.5754952295250548,0.21364014094363593,1.0,2.3285555111576888
1.0,0.5262022034975364,0.985918228944636,21.976265099799075
0.36593273077473576,0.8223511239914052,-1.0,-1.6285553492750036
0.05735200606574198,-1.0,0.5720869944027811,1.0306951247702618
1.0,-1.0,-0.6655853774523925,-13.290241841188921
0.015427870360304574,-1.0,1.0,-5.770824819054686
0.8588129681530567,-0.3846385411624682,0.4520606705204313,2.4931776192306563
0.3371421139346056,0.28263726478036166,-0.2787872336112647,1.4438939199132648
-1.0,0.35361135587686165,-0.881120494892859,9.228851134721818
0.28421966683251854,0.1547010160468265,-1.0,-3.088919870904884
1.0,-0.9359721760160582,0.34292789888913844,-3.6657697822967377
0.37722683920486055,0.08836339013997363,-0.9764275060763363,-2.1409821343081785
0.801353795015701,1.0,1.0,15.396267829975677
0.3775454768240547,0.4740487367392423,-0.9901837270287321,-2.5344256669838385
-0.30595901167241357,0.3503699296199476,0.9714384886751206,2.262130544136295
-0.5075112173004486,0.5600847523310681,-0.732633361221827,-1.8226237034767212
-0.14879475045890422,-0.37708116104540723,0.7606734108697826,-0.017960874451806504
-0.3673257125890774,0.6700852239146773,1.0,6.529566271231215
0.7066463115758641,0.20384916599051905,1.0,3.3144368953568546
-0.46263268924362455,1.0,-0.35954773518168914,5.904168927917138
0.8392073455321705,-1.0,1.0,-7.1409935298661065
1.0,-1.0,-0.8137234209252056,-17.336681363654506
1.0,0.1585191226476903,-1.0,10.160418415547348
-1.0,0.9348998845230687,-0.4587592801948439,8.977896001014157
-0.7516293628062447,0.4563796212511997,0.29327767740461996,-3.0533437528647873
-0.43031787415700684,0.9573020574162723,0.7202568275961012,7.002645696453082
-0.8453795135614921,-1.0,-0.13662595797985833,5.866330458043791
0.13664778296772306,-0.6616779913098911,-0.3750453476429447,2.0377417248209224
0.2183077028480498,0.15252006982990984,-0.39252268156078185,0.3727625849173708
-0.8434487909761377,-1.0,-0.23780195641286084,5.983017820805103
0.18004473547566424,-1.0,0.748556160155587,-2.145965243045941
-0.8538192696684543,0.31911386182591106,-0.04152477285549083,-3.416100986436767
-1.0,1.0,0.011644171288681004,7.752288009795413
0.5363832066513043,-0.7438998035057156,-0.17467087595507813,1.0642525089464963
0.0694830492161096,1.0,0.997604515576554,11.92863933603503
1.0,-1.0,-0.14178895901712996,-9.427497787451326
-0.43847018561465,-0.7706507712636548,0.15837891362395062,1.2230865750739703
0.25013591413652136,-1.0,0.5237326019816022,0.5902632425231829
-1.0,-0.9125597277670718,-0.008430397476848928,5.798745824556363
1.0,0.8805947574024311,0.037704942953873166,9.671401516583845
0.5245358906481123,-0.5840785137671818,1.0,-2.971967384480979
0.39143438976922207,-1.0,-0.09721155183485797,0.842879701585118
-1.0,-0.7834443927593573,0.6490116419388368,7.735147133315643
1.0,-0.8895032595643426,0.507786127582017,-1.0753203281357764
0.7149570432137744,-1.0,-0.7802797100364816,-12.223986160908366
0.6590598608499527,0.1969651330428681,-0.10453744431981504,2.0950142720701255
-0.5944777683923965,-0.1361205220163264,0.09531685782646804,-0.18127471227448375
-1.0,-0.27307498939794717,0.6245436501003578,-1.8339449782511612
1.0,-1.0,0.5001237417713067,-6.698184854212312
1.0,-0.45148206724666484,0.6677014215641959,6.3796268017267
-1.0,0.27915175645586165,-0.6547179787674149,0.7929377381520212
-0.08566661337769266,-0.7079367645449413,-0.22101676833189954,1.084825247653317
0.15392867337782912,-0.5234945108706281,0.1677618118825699,0.6748867312996509
0.6444354786051756,-0.07587553298090244,-0.49263501468994053,1.2612329369899367
1.0,0.008023690492269475,1.0,13.111512817370022
-0.38730152856987243,-0.21313535183264776,0.3749810041799184,0.3971482829281676
-0.07348627004199515,-0.31359530053842044,-0.27311847878667095,0.6574729919962318
0.5760437998982411,0.1571420829056862,0.6706311868338983,1.6644123154642114
-0.6694086373642629,-1.0,0.45334912324373633,5.761011448502317
-0.9353337497251133,-0.18278304372014365,-0.2513225973946642,-1.5196683877895163
0.9306148555812459,0.010524458068294384,0.8211076840474447,6.8507817820083385
0.34447424843158125,-0.27852197061462736,-0.9718851777085065,-4.063172624229183
-0.8717327138049407,-1.0,-0.3436344953324575,5.937995659365593
-1.0,0.7415419726823227,0.9494934726885833,6.402144707102775
-0.49608637625529517,0.21196527352906558,0.5745016909754768,-1.1315487453681454
0.13698085815810845,-0.8264610980585019,0.2887703237845549,1.975602030610491
0.8135574008795365,-0.31985940256024104,-0.80970878060006,1.6218375592920884
0.8326103887692673,-0.08965157714651317,-0.3391497281439817,1.9570365662778777
-0.7042810950331271,0.8624415729404282,-0.3388862239949688,0.02612205429230338
-0.5813904524312281,-0.3017137122704241,-0.5231263792268195,1.030216359786201
0.8259612575172082,-1.0,-1.0,-27.554591662939597
-0.1392628352070071,0.9472570070297042,-0.3214600263169465,5.483695400387113
-0.27963490537350677,1.0,0.6911446439464772,8.421983857876816
-0.11135546520975126,-0.01495808686990463,-0.33522953697774693,0.7960232028594001
1.0,-0.42298807583056286,-0.7965890589902855,5.5205099225105725
-1.0,0.2488563497221956,-1.0,14.872687161441467
1.0,-0.9509910711767082,0.3512986146664028,-4.1036670088885785
1.0,0.9119195449185473,0.349844253532235,12.129598799257733
0.14261799918350704,0.9161107530015877,1.0,8.516631404823645
-0.9494170264984334,-0.07982366082989722,0.3765271992019006,-3.1748580604670007
0.2714070119761478,-0.18134238842758665,0.5188699875135829,0.9670758125142332
0.7125987727322423,0.16867404581225398,0.22493376576109725,2.5420890478625084
-0.6207168451175069,0.1458501693259895,-0.5295661631121487,-1.0436349030301293
-0.10694766616049045,-0.7752439271118527,1.0,-2.5277222659129253
0.11729351853051195,-0.177210710312677,0.19590943385276782,0.7812599345506275
-0.502264035160854,-0.19502658817875762,-0.8116024802628443,0.01160785413983828
0.39625731407443787,-1.0,1.0,-6.76680051594362
-1.0,-1.0,-0.08823247336064188,7.031680958424309
0.27101874841813123,-0.7500548953146831,-0.9397900943806909,-5.706668671616037
-0.1549977732323229,0.7151371006435479,-0.7601393179389959,-0.8658291266977888
0.06274719322012023,0.443798383640468,0.6789012654866435,0.7475355459651913
-0.6936164599928685,-0.9226385187348849,0.9614670835072192,4.053447364469134
-0.923267629899472,-0.108960489293209,0.632982873884955,-0.9976396680692318
0.019367482528956037,0.18066256048011375,-0.7972602751970126,-0.2503589225897453
-0.9508047632591905,-0.05909092657437176,-0.5254442143401743,-1.8135200016126554
0.8234451887405796,-1.0,0.10022432976880458,-2.763532090679718
-1.0,-0.8503461156629251,0.8416714268578966,13.708336356198835
0.22960729749198583,0.4296083878559269,-0.15553830897020737,1.3969670371082452
1.0,0.6598326805500399,-0.8948595028872735,12.579301943698757
1.0,0.31976063009490874,-0.9363571525271652,9.587081879612764
0.056574317027303644,-0.22471216266188132,0.6686890105145773,-0.19155287166345578
1.0,-1.0,-0.7631447867049963,-15.909726315896066
-0.7385533528966655,-0.31532650293512887,-1.0,2.053994857324947
0.07832958067326823,0.6458489687412603,1.0,5.296080069904469
1.0,-0.5224712119886716,-1.0,0.9128874629953903
0.32840890884617213,0.4822389727158496,-0.3912628042273363,0.5702696855085003
-0.28718811613274786,1.0,0.6503558010397137,8.46809060044157
1.0,0.7270152688640545,0.26245595473979955,9.020243383698054
0.9882426110120459,-0.6214321719469806,0.6841039864299203,4.583099542044607
1.0,0.7713572984070065,0.9932461066705582,25.740372126096215
-0.7509243695568806,-1.0,-0.07155445446112352,5.784310393095095
-1.0,1.0,0.6858228245825615,0.7998909838125866
-0.10812389454734439,0.7913974952589289,0.9423058141099954,6.621506064493952
1.0,-0.7531713656292573,0.3300358356290507,1.3998672707476199
-0.13077618255196555,0.48741701769587675,0.8932273061639464,1.7224559539609123
1.0,-1.0,0.03890171671048814,-8.550755107222553
0.8804826723792352,0.48695946117999456,-0.5519742493102704,3.3996116202217648
0.6427786948493439,-0.13532534471628677,-1.0,-2.7935804974646823
-1.0,1.0,-1.0,21.84312969126465
-1.0,1.0,-1.0,21.370857825658938
-0.483050434138945,-1.0,-1.0,-11.602492542218746
-0.030611928622209295,-1.0,-0.9330647440999085,-12.528767580515645
-0.1569510910520402,0.8743936125936103,-1.0,-2.529033789864231
-0.7967706989215164,1.0,1.0,16.189798807793206
0.9153062954775522,-1.0,-0.3973358485825407,-8.438493786491067
1.0,0.049929269243109475,-1.0,8.580315279122308
-1.0,0.5183678404943417,0.5720262509723784,-4.373034803615549
-0.010156861867505418,1.0,-0.9077804292425482,6.979658728877157
-0.6769713595282376,-1.0,-0.6122430068532603,1.4616192220072812
0.15170057388733693,-0.6738047446315514,0.6282032543761094,-0.17607040135123408
0.7903273657021332,-0.37788379072045686,-0.6072998274918477,1.409661125354705
-0.9856394300288129,0.22890472660913952,-0.46535748759050977,-1.3385723361471997
0.16320922703949847,0.3998702581799112,0.4223760060240471,1.1042196337487875
-0.4969718949044679,-1.0,0.08229332832971625,3.9185038404693406
-0.5293318074060847,-0.14390288176804678,1.0,1.8044859054210238
-1.0,0.094158226825658,-0.1593352869408402,-3.539503236933649
0.6514691670608657,0.38432580484146817,0.1880368605458873,1.022916190550633
0.24990801870310264,-1.0,0.7822278342535693,-2.6799139851104505
-1.0,0.035504622829240384,-1.0,11.418479038821067
0.3840735338856569,1.0,0.061223418631541904,7.230553458753661
0.9354175368235111,0.7819671353779818,0.44470090166602594,8.392357389314876
-0.057515155861938005,0.46453478359738365,-0.35529993495531476,0.30782751849491385
-0.6405466157045943,-0.908558594624796,-0.13692694261898097,4.005856583330306
0.19470448348409364,1.0,-1.0,4.7404358792640515
-1.0,1.0,-1.0,21.752708677770862
0.6217409142415355,0.7453539039447621,-0.2576672777785489,2.509993600794991
-1.0,-1.0,-0.6646981984753702,4.4762534277974355
-0.7722519289473626,1.0,-0.5562615484328521,5.4485794271894346
0.9104710243938496,0.27523741271929825,1.0,12.910982632156395
0.9925360595106021,-0.3406685629555988,0.11053326520812234,3.4980883134228424
0.1577490611512209,0.9486172492423532,-1.0,1.4893317395499674
1.0,-0.6052793459581762,0.2921636416851363,3.1267540080276195
-0.22683043892844212,-0.7984548590637399,0.04730313461679314,2.1558404107081848
0.25315872925126603,0.6372058797221793,-0.5797693269012758,0.7069307027908739
-0.2033849097449052,0.09786238648128598,-0.30197835497184644,0.9982095949955564
1.0,1.0,-1.0,38.73678562559481
1.0,-0.7991453076862034,0.13720255927479386,0.27425317091541573
1.0,1.0,0.29359274006918534,13.064730735928295
1.0,-1.0,1.0,-9.114513955608404
0.49431943562045144,0.6672716787147144,0.20570146672697653,0.7224795384595644
-0.648165931300934,-0.8759098649415669,-1.0,-5.176922997051767
1.0,1.0,-0.2384070230788211,15.903275675358962
-0.9848755823267834,0.11432763345901908,0.5491236260359991,-4.02644513649194
0.08708958599231975,0.2538272117146527,-0.15853715580778993,1.0958333693424565
-0.8352941097761353,-0.5784514353760963,-0.7750013398503335,2.4245804422714925
0.5012355230564036,0.6749677258501596,-1.0,-3.7572378448797754
0.8280859022228677,-0.3685864268369141,0.0874015663383727,2.0776574170387976
0.04148537602110047,0.06002158583652584,-0.056306844122054,0.29295991887453643
1.0,0.13160936558487624,1.0,14.341196615482428
-1.0,0.20924694814009803,1.0,2.9926077462381864
0.0985724514567683,-1.0,-0.9818693050933069,-16.577307339071442
-0.5551952565039382,-0.790763926598486,1.0,1.1451953671118866
0.25266610329167616,0.28140401642756174,-0.11842268405520429,1.3250349491120255
0.794101708230768,-1.0,-0.062113137469198776,-4.361482625000188
0.4603574989528798,-0.6684190362402009,1.0,-3.8455372182698113
0.20455342009040822,-0.0037920919964733457,1.0,0.11387867810413072
-1.0,1.0,-0.1635719818481658,10.18288584558087
-0.8188557360939253,-1.0,1.0,7.527668908730729
-0.5667034629962528,0.5055683271643712,-0.37519250060998277,-1.6117001002487839
0.47934051398324895,-1.0,0.8017913153953153,-3.2331633280395735
-1.0,1.0,-0.4017318395931737,11.924587373160453
-1.0,-0.4020065669338868,-1.0,6.663803927595877
0.41480958992589323,0.4090073240555061,0.03939060586358245,1.6004118677640329
0.040945942422262016,0.85895054943341,0.6152673858517543,4.461070864435857
-0.05504078052282879,1.0,-0.8296257653576913,8.812475241156362
1.0,-0.23366459371069248,-0.624860352563285,6.090493803278527
0.41752302586363377,0.27688422254177936,-0.7475642655882917,0.7305216528807632
-1.0,1.0,-0.8464481213604531,15.366862473734441
0.6263683403150693,-0.46604666985653953,-0.15566584187420784,1.455686480192948
-0.2754972406850311,-0.6490163242380074,0.21521060764049715,1.0658215240681386
-0.3158696319753169,1.0,0.6019937138896969,7.997633956094815
1.0,-1.0,-1.0,-30.108094823672058
-1.0,-1.0,1.0,21.2992662190777
0.3717404577061998,-1.0,-0.5215163492327148,-1.8827842079818695
0.894517110412322,-1.0,-1.0,-28.49988050362861
-0.24450525207117102,1.0,0.14838057144311234,6.948939265875111
-0.5427946930176364,0.9904410356146063,-0.17896908095869501,4.837750697412441
-0.1400122753855395,0.28721189826851434,1.0,2.347839908070055
1.0,0.9455396688354105,0.6495063789878728,14.440120527875628
-1.0,1.0,1.0,18.016567789565208
0.5407286666214071,-0.8088839288582874,1.0,-4.660742825229467
1.0,0.5027152160083161,0.27924478380998874,7.904088598691531
0.8090635563290132,-1.0,1.0,-7.365711029475112
-0.72475550720204,-0.6478037517508815,0.5564015731596232,1.4517102032092337
0.7525897942461603,0.6158634834692978,0.9122029930585744,7.5643393405631665
0.45667617741010336,0.7126645286483877,-0.21966515374415696,1.8222289208920466
0.16168677168371604,0.6706410987572651,0.9565997947322984,4.215343536291989
-1.0,-1.0,-0.8247351638402998,2.7925299167860893
-0.5811428643245433,-1.0,0.19160882198463636,4.875444159511157
0.2436292522369441,-0.8564115301183577,0.1596023882584061,1.7431055484273879
1.0,-0.5988323291866737,-1.0,-0.2719195026101738
-0.7420595056550903,-0.06163963295978192,-1.0,3.6164649457226337
0.6100925725094477,0.678186654296125,0.053759494158533316,1.843024346177039
-1.0,-0.6346830530184744,-1.0,5.0858230550359265
-0.5765699085000726,-0.23006367065544442,0.20270739030335982,0.4187322691116558
0.02826246228056939,-1.0,-0.8942313270744666,-11.586845039342904
0.07107664740674458,-1.0,-0.29276837370987585,1.4603492066468415
-1.0,-1.0,0.8721846309111609,19.545565326342874
0.437865950587103,-0.13914720947617898,-0.44247264053217394,1.3483678662342784
-0.8646270922385242,0.42678779525269395,-1.0,7.213868998735978
-1.0,-0.11970349501656474,-0.15056255910854577,-3.715061071285055
0.4077186144495826,-0.09223628375093829,-0.09893080822069966,2.060673974446227
-0.2367976035255841,-0.24139240592590738,-0.5817107002173376,1.2364193111761623
0.826849151691508,0.9535001455711971,0.3644376476088016,7.178902814556158
-0.8279742998982302,0.3525937467711784,0.44615459436282534,-3.3948346636449838
0.5899619943322192,-0.33347700399727054,-0.18016647630289628,1.5386952546697263
-0.8315651535792625,-1.0,-0.07411138613948065,6.2373515958955945
-0.605861084246933,-0.37897631305149737,-0.18147335064910464,0.10986243509798022
-0.2094386175094236,1.0,0.23560219515502312,5.61336629401568
0.9193060993843023,-0.051763689641018074,-0.047743640402272636,3.6760573911953296
-0.3949494652668972,0.4189245363685983,-1.0,-2.7933949031634313
0.9371224354057202,0.10862316693487672,0.056981024366692834,3.9845606578907184
-0.5993865306940012,-1.0,-0.8671121228262597,-5.555213291063692
0.12286564098950437,0.09770360025777558,0.22860835278031044,1.0050842417864094
-0.014611424357861225,-0.4032532774738835,0.07589698010103918,1.296154244578951
-0.3405641796773329,0.16519125117512434,-0.4211410127588895,-0.5384498742435591
-0.9749639355721509,0.533963353398293,0.2728318732684789,-3.6979256272416396
-0.539335789137861,-0.4208406791669035,0.255466246144215,0.925501485801359
-0.855622801728914,0.745814378917121,0.431434067111772,-2.290904423750087
-0.03460235693343572,0.5290089715979123,1.0,3.8445838072741014
0.7491184156375859,-1.0,0.029484197691008074,-2.8747345325003755
-0.11967544614038994,-1.0,-1.0,-15.517095806861308
-0.4881548837469727,-1.0,-0.3551661307646987,2.743842449698373
-0.7395978075306475,1.0,-1.0,1.8895826613674942
0.8646860829681362,-0.8111434566703637,-1.0,-11.925486193610965
0.8612526044074682,-0.5600412359758129,0.8354806836151776,1.5382371023800099
0.02359244491090018,1.0,0.09220892000146241,7.758415610379226
1.0,0.7496189641250315,-0.8980921539014466,14.793002075512975
-0.5385141158331206,0.7757925727794841,0.32504318520335174,-0.6334322141057024
0.8354639418372851,0.8240334645607679,-0.6289573031107596,5.577191527820272
0.7384314776083607,-0.22091934936503943,0.18935561323592887,2.2840854622213107
1.0,0.07273907508665656,-0.2747017348436125,4.64080783575743
0.23335612426735497,-0.929961013879862,1.0,-5.425978658726243
1.0,0.9648949572833312,-1.0,33.3621478931055
-0.4384437763351636,0.6843472416570717,0.8589802232762178,2.546437068674108
-0.2758563782929706,-1.0,1.0,-5.842392000105554
0.24450052529518773,1.0,0.8672765544345533,8.752303822871742
-1.0,0.08110960759362729,-0.2424507363602122,-3.2598225018119997
-0.7528187367104762,-0.7871589152931464,1.0,4.716533855620134
0.918686558147104,1.0,1.0,20.190541131071985
0.7035646010558831,0.3424265323370921,0.2841449368799909,2.7539006305442246
0.5536657111406067,-0.9656360305002298,0.21706098666893103,0.14098921248807153
-1.0,0.6423905530535734,0.535996114740505,-3.9345245923243213
0.2889099299718707,0.20684267687737345,0.3170239746965702,1.572966277576123
-0.7696505033976018,-0.2335955936012608,0.8578482330144739,1.8961189492167538
-0.6860893127682832,1.0,0.02795514552276246,4.434978763626788
-0.2875980861609839,-0.4481602908444402,0.8147204046857446,-0.08476301012230056
-0.49562833881951285,-1.0,0.3523022815714212,2.8159295509823785
0.24707354427736905,0.35268930115956465,1.0,1.8903738459080457
1.0,-1.0,-0.3573329637695679,-9.90803809864801
-0.8472250724730126,-0.27600811220003996,0.3415202674026512,-0.1525177416200142
-0.22719904565805038,-1.0,0.45642027369522076,1.8378748498343944
-1.0,-0.047652446986252706,0.09986681119787422,-4.757426552966004
-0.5144078252867739,-0.4498605426242763,-1.0,-1.906801375974559
0.3114455484296672,-1.0,-1.0,-19.848798283959177
0.7632483235892829,0.1382645980866941,-1.0,-0.4360966345501157
-0.6764338917555877,-0.1781460755538049,0.22315983867792522,-0.9059535635359408
-1.0,0.7582788191841703,-0.4370521619354901,3.6569736029380797
-1.0,1.0,-0.19012616596936893,10.169955312598754
0.08950969816960752,-1.0,1.0,-6.560983788402745
1.0,0.47243154869446546,0.3093232904005072,7.892349492081541
0.47232555254035535,0.2278863551450634,0.2719498362253556,0.9338124519955913
-0.9290502214184644,1.0,-1.0,13.386296201816322
0.6462508816807828,-1.0,1.0,-6.773834809383611
-0.6957439130763743,1.0,1.0,15.821477978255846
-1.0,-0.288670577593964,0.17718555761032473,-2.8241824394731116
-0.5791432125104865,-1.0,1.0,-0.90916831389075
0.24402233250743977,-1.0,-0.23130355880511244,1.7817134306690674
0.25475045878488944,-0.7607813523696834,-0.3001921281052522,1.7762526468142479
0.2856630405631808,0.00011637711998457867,-1.0,-3.2722726359284926
1.0,-0.42703400268001657,0.8502819594607318,6.188871746088111
0.05342257347108559,-0.08350492488104377,0.4607167429247203,0.1940298334861002
0.6609151269029034,0.25278392270790717,-0.3764455719636446,1.456884845322723
-1.0,0.8337354230194036,0.09832480048372205,1.1896315303525284
0.6608837354173802,1.0,-0.24115885498815381,9.86560783377711
0.2366185478995062,1.0,-0.48260344436191316,10.403154839729638
0.4988024266035904,-0.14359994536821752,0.7954851643998202,0.48615115526691954
-0.14578481305663327,0.3982279763715535,0.04220617393073911,-0.15499979092510277
-1.0,0.1275744361459621,1.0,2.94130858277802
-1.0,0.022849519981127164,-1.0,10.740018800052434
0.33600640831510487,0.30409671393889437,-1.0,-3.347286777601977
-0.7028465721890902,0.675289473329282,0.5973447199981337,-0.3354307059993691
1.0,-0.49368514196541224,-0.20674100356142056,3.914926083314447
-0.1605288037323398,1.0,-0.6246659609210687,8.782243185299977
-0.9574953921834366,-0.03302554949068104,0.12674567228967382,-3.827728412194503
0.23602730639184366,-1.0,0.38528719598121564,1.5177753302251702
0.3745721903547756,-0.020876496906061304,1.0,-1.1379569474453637
1.0,0.9433010968451874,-0.4735401754288795,14.94014383274452
1.0,-0.048641755295374844,-0.8158409699500513,7.1313874642303485
-1.0,-0.3829605138840688,-0.3429336160401162,-2.4617657328853046
0.880849812714324,0.015293283382166845,0.22231762580447212,4.040918757937815
0.9172830707043731,-0.7182474716888512,-0.1735312888799958,1.0722251791961421
-0.329470280332232,-0.7870556174812497,0.3626208037026626,1.8080062355067787
-0.7449896030366947,0.7013862568878326,-1.0,0.40450098743128365
0.5304562766450096,-0.17050631624063728,0.9800446443540398,-1.0945946844489072
-0.013079054979222349,-1.0,-0.37305042843449154,1.4724356633654514
-0.19131543286573383,-0.6750175024361829,-0.49877641101493886,2.1275882056140185
-0.46044493223687155,0.2531347468764986,0.3202080180838147,-0.6461309729246557
-0.8918330833836146,-0.23556932659958396,1.0,3.5561934037818848
-1.0,0.15045255761535192,1.0,2.4959247446536557
-1.0,-1.0,-0.6051531174500335,4.693868613070775
-0.2571840344419416,-0.9172448701818712,1.0,-2.206641863026902
-1.0,-0.43526864140313193,0.7365190500481649,1.626421453890856
1.0,0.14413842505511432,0.0313643134047894,6.478788701949412
0.40965096491888464,0.010353643869755791,1.0,-0.6475263148661076
0.19364473531708182,1.0,0.1804657456602865,8.103880589449686
1.0,0.5313833688837324,-1.0,13.241619919039202
-0.45008842482643585,0.9513095187173817,0.29399140652713185,4.337556525427528
-0.4776079060796865,0.8263895453926096,-1.0,-3.2718473404474127
-1.0,-1.0,1.0,20.738268933588493
0.45307106194189495,-0.09663961466434556,-1.0,-3.3852333959131995
-0.6214798309114109,0.8512750670672082,-0.8971786831970752,-2.5990751005725725
-0.19390164323505377,0.03598357111574524,-0.5966332788275226,0.34536156323211337
0.057354016926075335,-0.3025338714091199,-0.9697405688620118,-3.4946243527511873
-1.0,0.06901421622872328,1.0,3.2119650524266987
-0.3092367925099162,1.0,0.5469174981328719,7.773607474834795
-0.1641772745889052,-0.7206373065559781,-0.33666853416511655,1.7930842119143875
1.0,1.0,-0.6220782010294093,24.069619451154995
-0.4522703394469543,-0.5175497154767905,1.0,1.1159201713775073
-1.0,-0.18270400404261866,0.7382761722417956,-0.7398570269507028
0.23313359284730883,1.0,1.0,10.717900622450829
0.010131207478218718,-0.392246029502211,-0.47054417131629434,0.9226101190096077
-0.20002070835152375,-0.444156436298351,0.45197647210506053,0.7650762349076685
0.07702474937336401,-0.7795784786194302,-0.38770761956677746,1.188943802838139
0.5685774989724077,1.0,-1.0,9.181584197853736
-0.3819543958868141,0.8857828418160534,0.5504622934929828,2.8580945381913048
1.0,-1.0,-0.6901705194596035,-14.285369706207229
1.0,-0.2965446396221334,0.9519660249863862,7.079556514811017
0.34847110420503746,0.1067914013054958,0.5609664721396737,0.976168706093362
-0.38105577219428577,-0.7685209741337615,-0.07054323904341864,1.7058596991466946
1.0,0.6537812085301491,-0.7936331373433108,9.670637173656875
0.48840593913896724,-0.3690667347668719,-0.4382133972076121,1.5269689145337924
1.0,-0.2870761111725344,0.2629636667576689,4.308174740451826
-0.23317071598858985,-1.0,0.9639099488931318,-5.579439459462421
-0.5185323323664814,-1.0,0.08657644241228213,4.390603397169737
0.4177160120950463,1.0,-0.28615208554110594,9.874167114537547
0.9874503193570443,-1.0,1.0,-8.806353582035385
0.10202937142187385,1.0,0.5726625979625117,7.971363653024346
-1.0,0.13048910033054906,-0.2114543556408235,-3.5022158770819147
0.556099592957507,0.7336486041954118,0.7529243135831063,3.574627778264612
0.005866553185820411,-0.04410416163560016,0.20796462673535832,0.6394514351813715
-1.0,1.0,0.7602376584277939,2.279557979097976
-0.2637843273056484,1.0,0.603875108595926,8.428599422771232
-0.10674592181132447,-0.6774224240915796,0.24315602590783536,1.7068601134750148
1.0,-0.013326154994850459,-0.7721495442528239,6.459945896451895
0.4968031671459532,-0.6856615449916275,0.1589956057256492,1.5817857781140439
-1.0,0.5834150226448567,-0.26958922584107503,-0.7043474299941287
1.0,-0.43432655222546157,-1.0,3.2651823099720274
-0.1852701429589676,1.0,-0.30004069034787006,7.959611452009822
-0.7823595587311039,0.6130622144269873,-0.15944320055091632,-1.9823121841556302
-0.005511625128864495,0.009800444052802115,1.0,-0.16288774084246344
-0.09019101183001776,0.8749413943523834,-0.9756345691977364,-1.454357918476622
-0.591119879109278,-1.0,0.183454955260566,4.279099934343585
0.5684387574303915,0.7556221554917977,0.6572502687598651,3.3416974269481914
1.0,0.3294270529592831,-0.5575281177093334,5.386688330537123
0.27280219478182755,0.59994000404056,1.0,4.163660575723756
-0.5979933703837916,-0.09182544543842197,1.0,0.6815458179581195
0.6662890612070449,-0.67370427231357,-0.5445588548616085,0.6424226561281148
-1.0,-0.17486107161417208,0.19758513464362615,-3.4428534795637056
0.26800251606194125,0.6921059994248808,-0.6021510452296452,0.9953118779655132
0.4786155763072355,0.9228725288451811,0.27357925307158837,3.9744948155298285
0.8986298800498285,1.0,0.22803116425136616,9.493465719664078
-0.9409788170228313,-0.6019696429683461,-0.14348279439977474,0.34060912417049394
0.2671419337563541,-0.740020935267995,0.16495572618159726,0.431820475369196
0.26434673331453973,1.0,0.5973899232358326,7.696333802696139
-0.983062546527431,0.34006478772832405,0.3282982738750988,-4.626363420694026
0.28601836581714646,-1.0,0.715735960239376,-1.3184308336918398
0.22297424379664954,-1.0,0.4669138275775402,0.5336075432972359
1.0,0.5551308125709584,0.7534927857831177,14.463519697507063
-1.0,1.0,0.1574814981030026,5.941886513342506
-0.5452086327389376,-0.6407466639540522,0.029102759954602764,1.251622717384018
-0.42551414458034587,1.0,0.38955303207026115,6.67450334611828
0.14936846483748445,-0.7506761085504612,0.3183013502926475,1.0355452648186534
-0.13902684772869867,0.6436267443500869,1.0,5.8304269386642344
-1.0,0.17877563885131065,-1.0,13.647071423504396
1.0,0.06377730513480162,0.08032603772654268,4.421988712029841
-1.0,-0.19269932448144123,-1.0,8.663715556135113
1.0,-0.15575789669634332,1.0,9.089061314420757
-0.979071708982445,0.8403170406145102,1.0,11.224114063892964
0.9967093748203488,1.0,-0.8532460359118024,31.428051394060752
-0.2864624658332644,1.0,-0.9353288787854512,3.427819501537124
-0.6202413195492018,0.2926527819646174,0.7033133410119952,-0.3093783864529941
-0.43739223120677817,0.42562804757552053,0.8152309098274575,0.27761012348608827
-0.6461529065565486,1.0,0.6584941389769818,5.6010652885141505
-0.4942713137557657,0.617897096054792,-0.3787986698526855,-1.2719678603065039
-0.6904932667549022,1.0,-0.530566093988728,3.8941169434135663
-0.5701766939445532,0.7836621814683775,1.0,8.166420391236304
-0.08308657557961752,0.5201861243392063,1.0,3.638726734898656
0.7480570631450953,-0.2592972505336617,-0.40971597139664495,1.741452234367298
0.26378205743994587,-0.5514560453346249,-0.2616042542894097,1.3654502668606232
-0.04839942849413004,0.1468560806370245,1.0,1.5114130078950747
0.1487359522589684,0.45840979006896165,0.7377239958981987,1.2618910604318159
-1.0,0.8971263777488854,0.19739670461794323,1.6531896529565266
0.06668010526898716,0.10025604958231837,-0.4489439480524491,0.6765329732900461
